Workbook

Sheet Dashboard
B2: Samsung Galaxy — Sales & 5G Dashboard
B3: Use the filters below to update every chart and KPI instantly
B5: Year | C5: Region | D5: 5G Capability | E5: Model
B6: All | C6: All | D6: All | E6: Galaxy S10
B8: Total Revenue | C8: Total Units Sold | D8: Avg 5G Preference | E8: Avg Market Share
B9: =Calc!N2 -> 5.2244038e+08 | C9: =Calc!N3 -> 692053 | D9: =Calc!N4 -> 61.265 | E9: =Calc!N5 -> 1.4616667
B11: Matching records: | D11: =Calc!N6 -> 24
B13: Revenue by Year | G13: Units Sold by Region
B30: Top Models by Revenue | G30: 5G vs Non-5G (Units Sold)
B50: Model Summary (based on current filters)
B51: Model | C51: 5G | D51: Total Units | E51: Total Revenue | F51: Avg Price/Unit
B52: =Calc!P2 -> Galaxy S10 | C52: =Calc!Q2 -> No | D52: =Calc!R2 -> 692053 | E52: =Calc!S2 -> 5.2244038e+08 | F52: =Calc!T2 -> 754.91384
B53: =Calc!P3 -> Galaxy Note10 | C53: =Calc!Q3 -> No | D53: =Calc!R3 -> 615344 | E53: =Calc!S3 -> 5.7405994e+08 | F53: =Calc!T3 -> 932.90898
B54: =Calc!P4 -> Galaxy S20 | C54: =Calc!Q4 -> No | D54: =Calc!R4 -> 659865 | E54: =Calc!S4 -> 5.1434966e+08 | F54: =Calc!T4 -> 779.4771
B55: =Calc!P5 -> Galaxy Note20 | C55: =Calc!Q5 -> No | D55: =Calc!R5 -> 590448 | E55: =Calc!S5 -> 6.1798626e+08 | F55: =Calc!T5 -> 1046.6396
B56: =Calc!P6 -> Galaxy S21 | C56: =Calc!Q6 -> No | D56: =Calc!R6 -> 634849 | E56: =Calc!S6 -> 6.0623754e+08 | F56: =Calc!T6 -> 954.93186
B57: =Calc!P7 -> Galaxy A32 5G | C57: =Calc!Q7 -> Yes | D57: =Calc!R7 -> 857409 | E57: =Calc!S7 -> 7.1614359e+08 | F57: =Calc!T7 -> 835.24151
B58: =Calc!P8 -> Galaxy A52 5G | C58: =Calc!Q8 -> Yes | D58: =Calc!R8 -> 891357 | E58: =Calc!S8 -> 8.6307328e+08 | F58: =Calc!T8 -> 968.26892
B59: =Calc!P9 -> Galaxy A73 5G | C59: =Calc!Q9 -> Yes | D59: =Calc!R9 -> 909507 | E59: =Calc!S9 -> 7.7310035e+08 | F59: =Calc!T9 -> 850.02133
B60: =Calc!P10 -> Galaxy Z Fold2 5G | C60: =Calc!Q10 -> Yes | D60: =Calc!R10 -> 912096 | E60: =Calc!S10 -> 8.249207e+08 | F60: =Calc!T10 -> 904.42311
B61: =Calc!P11 -> Galaxy Z Flip3 5G | C61: =Calc!Q11 -> Yes | D61: =Calc!R11 -> 901892 | E61: =Calc!S11 -> 7.6515901e+08 | F61: =Calc!T11 -> 848.39316
B62: =Calc!P12 -> Galaxy S22 5G | C62: =Calc!Q12 -> Yes | D62: =Calc!R12 -> 703608 | E62: =Calc!S12 -> 8.7063431e+08 | F62: =Calc!T12 -> 1237.3855
B63: =Calc!P13 -> Galaxy Z Fold3 5G | C63: =Calc!Q13 -> Yes | D63: =Calc!R13 -> 835964 | E63: =Calc!S13 -> 6.8101094e+08 | F63: =Calc!T13 -> 814.64147
... B66: =Calc!P16 -> Galaxy Z Flip5 5G | C66: =Calc!Q16 -> Yes | D66: =Calc!R16 -> 832848 | E66: =Calc!S16 -> 6.2956782e+08 | F66: =Calc!T16 -> 755.92163

Sheet Business Questions
B2: Business Questions — Samsung Galaxy Sales
B4: Question | C4: Method | D4: Result | E4: Insight
B5: Which model generated the highest total revenue? | C5: SUM(Revenue) GROUP BY Product Model (n=24/model) | D5: Galaxy A14 5G = $913M, followed by S23 5G = $895M | E5: The A-series makes up for lower price with higher sales volume
B6: Which region has the highest number of units sold? | C6: SUM(Units Sold) GROUP BY Region | D6: North America = 2.70M units, highest of all regions | E6: Biggest market by volume, despite not leading in 5G preference
B7: How did revenue trend year over year (2019-2024)? | C7: SUM(Revenue) GROUP BY Year (n=60/year) | D7: Peak in 2020 ($1.96B) -> trough in 2023 ($1.53B) -> rebound in 2024 ($1.92B) | E7: A decline-then-recovery pattern, not steady growth
B8: Do 5G-capable phones sell more than non-5G phones? | C8: AVG/SUM(Units, Revenue) GROUP BY 5G Capability (n=240 vs 120) | D8: 5G: avg 35,667 units/row - Non-5G: avg 26,605 units/row | E8: 5G devices sell about 34% more units on average
B9: Which region shows the highest customer preference for 5G? | C9: AVG(Preference for 5G %) GROUP BY Region | D9: Latin America = 68.7%, highest of all regions | E9: Preference doesn't necessarily track with sales volume
B10: Does 5G network coverage affect sales? | C10: CORREL(Regional 5G Coverage %, Units Sold) | D10: Correlation coefficient = 0.106 (very weak) | E10: Coverage alone is not a decisive factor in sales
B11: Which quarter (Q1-Q4) performs best? | C11: AVG(Units, Revenue) GROUP BY Quarter (n=90/quarter) | D11: Q3 has the highest units sold, but Q1 has the highest revenue | E11: More units sell in Q3, but at a lower average price
B12: Which model has the highest average price per unit? | C12: SUM(Revenue)/SUM(Units) per model | D12: Galaxy S22 5G = $1,237/unit, highest of all models | E12: The S-series is the most expensive in practice, despite not leading in total revenue

Sheet Data
A1: Year | B1: Quarter | C1: Product Model | D1: 5G Capability | E1: Units Sold | F1: Revenue ($) | G1: Market Share (%) | H1: Regional 5G Coverage (%) | I1: 5G Subscribers (millions) | J1: Avg 5G Speed (Mbps) | K1: Preference for 5G (%) | L1: Region | M1: Period
A2: 2019 | B2: Q1 | C2: Galaxy S10 | D2: No | E2: 26396 | F2: 4212951 | G2: 1.04 | H2: 57.36 | I2: 39.55 | J2: 293.1 | K2: 55.87 | L2: Asia-Pacific | M2: 2019-Q1
A3: 2019 | B3: Q1 | C3: Galaxy Note10 | D3: No | E3: 25671 | F3: 7240265.6 | G3: 2.82 | H3: 85.8 | I3: 42.58 | J3: 67.46 | K3: 37.26 | L3: Latin America | M3: 2019-Q1
A4: 2019 | B4: Q1 | C4: Galaxy S20 | D4: No | E4: 16573 | F4: 25608332 | G4: 0 | H4: 47.02 | I4: 3.78 | J4: 77.25 | K4: 84.66 | L4: Middle East & Africa | M4: 2019-Q1
A5: 2019 | B5: Q1 | C5: Galaxy Note20 | D5: No | E5: 7177 | F5: 21984416 | G5: 0.84 | H5: 25.7 | I5: 23.41 | J5: 105.27 | K5: 40.03 | L5: North America | M5: 2019-Q1
A6: 2019 | B6: Q1 | C6: Galaxy S21 | D6: No | E6: 45633 | F6: 16342438 | G6: 2.36 | H6: 89.13 | I6: 44.43 | J6: 206.17 | K6: 76.88 | L6: Latin America | M6: 2019-Q1
A7: 2019 | B7: Q1 | C7: Galaxy A32 5G | D7: Yes | E7: 15912 | F7: 17178327 | G7: 5.41 | H7: 59.12 | I7: 12.14 | J7: 179.15 | K7: 80.79 | L7: Middle East & Africa | M7: 2019-Q1
A8: 2019 | B8: Q1 | C8: Galaxy A52 5G | D8: Yes | E8: 7231 | F8: 48639810 | G8: 5.9 | H8: 52.94 | I8: 44.36 | J8: 259.16 | K8: 77.55 | L8: Latin America | M8: 2019-Q1
A9: 2019 | B9: Q1 | C9: Galaxy A73 5G | D9: Yes | E9: 58711 | F9: 70175779 | G9: 4.92 | H9: 79.95 | I9: 49.7 | J9: 191.42 | K9: 74.83 | L9: Europe | M9: 2019-Q1
A10: 2019 | B10: Q1 | C10: Galaxy Z Fold2 5G | D10: Yes | E10: 40641 | F10: 51959556 | G10: 2.64 | H10: 44.77 | I10: 31.27 | J10: 151.18 | K10: 66.51 | L10: North America | M10: 2019-Q1
A11: 2019 | B11: Q1 | C11: Galaxy Z Flip3 5G | D11: Yes | E11: 38119 | F11: 49899541 | G11: 6.84 | H11: 51.21 | I11: 38.33 | J11: 284.33 | K11: 87.01 | L11: Latin America | M11: 2019-Q1
A12: 2019 | B12: Q1 | C12: Galaxy S22 5G | D12: Yes | E12: 36255 | F12: 12091674 | G12: 4.66 | H12: 56.5 | I12: 9.77 | J12: 81.43 | K12: 85.88 | L12: Middle East & Africa | M12: 2019-Q1
A13: 2019 | B13: Q1 | C13: Galaxy Z Fold3 5G | D13: Yes | E13: 19643 | F13: 36029499 | G13: 5.67 | H13: 76.62 | I13: 22.84 | J13: 220.82 | K13: 88.16 | L13: Asia-Pacific | M13: 2019-Q1
... A361: 2024 | B361: Q4 | C361: Galaxy Z Flip5 5G | D361: Yes | E361: 23576 | F361: 7378715 | G361: 4.94 | H361: 92.65 | I361: 27.65 | J361: 261.8 | K361: 75.18 | L361: Asia-Pacific | M361: 2024-Q4

Sheet Calc
A1: Year | B1: Revenue | D1: Region | E1: Units | G1: Model | H1: Revenue | J1: 5G | K1: Units | M1: KPI | N1: Value | P1: Model | Q1: 5G | R1: Units | S1: Revenue | T1: AvgPrice
A2: 2019 | B2: =SUMPRODUCT((Data!$A$2:$A$361=A2)*(Data!$L$2:$L$361=IF(Dashboard!$C$6="All",Data!$L$2:$L$361,Dashboard!$C$6))*(Data!$D$2:$D$361=IF(Dashboard!$D$6="All",Data!$D$2:$D$361,Dashboard!$D$6))*(Data!$C$2:$C$361=IF(Dashboard!$E$6="All",Data!$C$2:$C$361,Dashboard!$E$6))*Data!$F$2:$F$361) -> 72090419 | D2: Asia-Pacific | E2: =SUMPRODUCT((Data!$L$2:$L$361=D2)*(Data!$A$2:$A$361=IF(Dashboard!$B$6="All",Data!$A$2:$A$361,Dashboard!$B$6))*(Data!$D$2:$D$361=IF(Dashboard!$D$6="All",Data!$D$2:$D$361,Dashboard!$D$6))*(Data!$C$2:$C$361=IF(Dashboard!$E$6="All",Data!$C$2:$C$361,Dashboard!$E$6))*Data!$E$2:$E$361) -> 159813 | G2: Galaxy S10 | H2: =SUMPRODUCT((Data!$C$2:$C$361=G2)*(Data!$A$2:$A$361=IF(Dashboard!$B$6="All",Data!$A$2:$A$361,Dashboard!$B$6))*(Data!$L$2:$L$361=IF(Dashboard!$C$6="All",Data!$L$2:$L$361,Dashboard!$C$6))*(Data!$D$2:$D$361=IF(Dashboard!$D$6="All",Data!$D$2:$D$361,Dashboard!$D$6))*Data!$F$2:$F$361) -> 5.2244038e+08 | J2: Yes | K2: =SUMPRODUCT((Data!$D$2:$D$361=J2)*(Data!$A$2:$A$361=IF(Dashboard!$B$6="All",Data!$A$2:$A$361,Dashboard!$B$6))*(Data!$L$2:$L$361=IF(Dashboard!$C$6="All",Data!$L$2:$L$361,Dashboard!$C$6))*(Data!$C$2:$C$361=IF(Dashboard!$E$6="All",Data!$C$2:$C$361,Dashboard!$E$6))*Data!$E$2:$E$361) -> 0 | M2: Total Revenue | N2: =SUMPRODUCT((Data!$A$2:$A$361=IF(Dashboard!$B$6="All",Data!$A$2:$A$361,Dashboard!$B$6))*(Data!$L$2:$L$361=IF(Dashboard!$C$6="All",Data!$L$2:$L$361,Dashboard!$C$6))*(Data!$D$2:$D$361=IF(Dashboard!$D$6="All",Data!$D$2:$D$361,Dashboard!$D$6))*(Data!$C$2:$C$361=IF(Dashboard!$E$6="All",Data!$C$2:$C$361,Dashboard!$E$6))*Data!$F$2:$F$361) -> 5.2244038e+08 | P2: Galaxy S10 | Q2: =INDEX(Data!$D$2:$D$361,MATCH(P2,Data!$C$2:$C$361,0)) -> No | R2: =SUMPRODUCT((Data!$C$2:$C$361=P2)*(Data!$A$2:$A$361=IF(Dashboard!$B$6="All",Data!$A$2:$A$361,Dashboard!$B$6))*(Data!$L$2:$L$361=IF(Dashboard!$C$6="All",Data!$L$2:$L$361,Dashboard!$C$6))*(Data!$D$2:$D$361=IF(Dashboard!$D$6="All",Data!$D$2:$D$361,Dashboard!$D$6))*Data!$E$2:$E$361) -> 692053 | S2: =SUMPRODUCT((Data!$C$2:$C$361=P2)*(Data!$A$2:$A$361=IF(Dashboard!$B$6="All",Data!$A$2:$A$361,Dashboard!$B$6))*(Data!$L$2:$L$361=IF(Dashboard!$C$6="All",Data!$L$2:$L$361,Dashboard!$C$6))*(Data!$D$2:$D$361=IF(Dashboard!$D$6="All",Data!$D$2:$D$361,Dashboard!$D$6))*Data!$F$2:$F$361) -> 5.2244038e+08 | T2: =IFERROR(S2/R2,0) -> 754.91384
A3: 2020 | B3: =SUMPRODUCT((Data!$A$2:$A$361=A3)*(Data!$L$2:$L$361=IF(Dashboard!$C$6="All",Data!$L$2:$L$361,Dashboard!$C$6))*(Data!$D$2:$D$361=IF(Dashboard!$D$6="All",Data!$D$2:$D$361,Dashboard!$D$6))*(Data!$C$2:$C$361=IF(Dashboard!$E$6="All",Data!$C$2:$C$361,Dashboard!$E$6))*Data!$F$2:$F$361) -> 1.0531722e+08 | D3: Europe | E3: =SUMPRODUCT((Data!$L$2:$L$361=D3)*(Data!$A$2:$A$361=IF(Dashboard!$B$6="All",Data!$A$2:$A$361,Dashboard!$B$6))*(Data!$D$2:$D$361=IF(Dashboard!$D$6="All",Data!$D$2:$D$361,Dashboard!$D$6))*(Data!$C$2:$C$361=IF(Dashboard!$E$6="All",Data!$C$2:$C$361,Dashboard!$E$6))*Data!$E$2:$E$361) -> 110895 | G3: Galaxy Note10 | H3: =SUMPRODUCT((Data!$C$2:$C$361=G3)*(Data!$A$2:$A$361=IF(Dashboard!$B$6="All",Data!$A$2:$A$361,Dashboard!$B$6))*(Data!$L$2:$L$361=IF(Dashboard!$C$6="All",Data!$L$2:$L$361,Dashboard!$C$6))*(Data!$D$2:$D$361=IF(Dashboard!$D$6="All",Data!$D$2:$D$361,Dashboard!$D$6))*Data!$F$2:$F$361) -> 5.7405994e+08 | J3: No | K3: =SUMPRODUCT((Data!$D$2:$D$361=J3)*(Data!$A$2:$A$361=IF(Dashboard!$B$6="All",Data!$A$2:$A$361,Dashboard!$B$6))*(Data!$L$2:$L$361=IF(Dashboard!$C$6="All",Data!$L$2:$L$361,Dashboard!$C$6))*(Data!$C$2:$C$361=IF(Dashboard!$E$6="All",Data!$C$2:$C$361,Dashboard!$E$6))*Data!$E$2:$E$361) -> 692053 | M3: Total Units | N3: =SUMPRODUCT((Data!$A$2:$A$361=IF(Dashboard!$B$6="All",Data!$A$2:$A$361,Dashboard!$B$6))*(Data!$L$2:$L$361=IF(Dashboard!$C$6="All",Data!$L$2:$L$361,Dashboard!$C$6))*(Data!$D$2:$D$361=IF(Dashboard!$D$6="All",Data!$D$2:$D$361,Dashboard!$D$6))*(Data!$C$2:$C$361=IF(Dashboard!$E$6="All",Data!$C$2:$C$361,Dashboard!$E$6))*Data!$E$2:$E$361) -> 692053 | P3: Galaxy Note10 | Q3: =INDEX(Data!$D$2:$D$361,MATCH(P3,Data!$C$2:$C$361,0)) -> No | R3: =SUMPRODUCT((Data!$C$2:$C$361=P3)*(Data!$A$2:$A$361=IF(Dashboard!$B$6="All",Data!$A$2:$A$361,Dashboard!$B$6))*(Data!$L$2:$L$361=IF(Dashboard!$C$6="All",Data!$L$2:$L$361,Dashboard!$C$6))*(Data!$D$2:$D$361=IF(Dashboard!$D$6="All",Data!$D$2:$D$361,Dashboard!$D$6))*Data!$E$2:$E$361) -> 615344 | S3: =SUMPRODUCT((Data!$C$2:$C$361=P3)*(Data!$A$2:$A$361=IF(Dashboard!$B$6="All",Data!$A$2:$A$361,Dashboard!$B$6))*(Data!$L$2:$L$361=IF(Dashboard!$C$6="All",Data!$L$2:$L$361,Dashboard!$C$6))*(Data!$D$2:$D$361=IF(Dashboard!$D$6="All",Data!$D$2:$D$361,Dashboard!$D$6))*Data!$F$2:$F$361) -> 5.7405994e+08 | T3: =IFERROR(S3/R3,0) -> 932.90898
A4: 2021 | B4: =SUMPRODUCT((Data!$A$2:$A$361=A4)*(Data!$L$2:$L$361=IF(Dashboard!$C$6="All",Data!$L$2:$L$361,Dashboard!$C$6))*(Data!$D$2:$D$361=IF(Dashboard!$D$6="All",Data!$D$2:$D$361,Dashboard!$D$6))*(Data!$C$2:$C$361=IF(Dashboard!$E$6="All",Data!$C$2:$C$361,Dashboard!$E$6))*Data!$F$2:$F$361) -> 1.0351583e+08 | D4: Latin America | E4: =SUMPRODUCT((Data!$L$2:$L$361=D4)*(Data!$A$2:$A$361=IF(Dashboard!$B$6="All",Data!$A$2:$A$361,Dashboard!$B$6))*(Data!$D$2:$D$361=IF(Dashboard!$D$6="All",Data!$D$2:$D$361,Dashboard!$D$6))*(Data!$C$2:$C$361=IF(Dashboard!$E$6="All",Data!$C$2:$C$361,Dashboard!$E$6))*Data!$E$2:$E$361) -> 68272 | G4: Galaxy S20 | H4: =SUMPRODUCT((Data!$C$2:$C$361=G4)*(Data!$A$2:$A$361=IF(Dashboard!$B$6="All",Data!$A$2:$A$361,Dashboard!$B$6))*(Data!$L$2:$L$361=IF(Dashboard!$C$6="All",Data!$L$2:$L$361,Dashboard!$C$6))*(Data!$D$2:$D$361=IF(Dashboard!$D$6="All",Data!$D$2:$D$361,Dashboard!$D$6))*Data!$F$2:$F$361) -> 5.1434966e+08 | M4: Avg Preference 5G | N4: =IFERROR(SUMPRODUCT((Data!$A$2:$A$361=IF(Dashboard!$B$6="All",Data!$A$2:$A$361,Dashboard!$B$6))*(Data!$L$2:$L$361=IF(Dashboard!$C$6="All",Data!$L$2:$L$361,Dashboard!$C$6))*(Data!$D$2:$D$361=IF(Dashboard!$D$6="All",Data!$D$2:$D$361,Dashboard!$D$6))*(Data!$C$2:$C$361=IF(Dashboard!$E$6="All",Data!$C$2:$C$361,Dashboard!$E$6))*Data!$K$2:$K$361)/SUMPRODUCT((Data!$A$2:$A$361=IF(Dashboard!$B$6="All",Data!$A$2:$A$361,Dashboard!$B$6))*(Data!$L$2:$L$361=IF(Dashboard!$C$6="All",Data!$L$2:$L$361,Dashboard!$C$6))*(Data!$D$2:$D$361=IF(Dashboard!$D$6="All",Data!$D$2:$D$361,Dashboard!$D$6))*(Data!$C$2:$C$361=IF(Dashboard!$E$6="All",Data!$C$2:$C$361,Dashboard!$E$6))*1),0) -> 61.265 | P4: Galaxy S20 | Q4: =INDEX(Data!$D$2:$D$361,MATCH(P4,Data!$C$2:$C$361,0)) -> No | R4: =SUMPRODUCT((Data!$C$2:$C$361=P4)*(Data!$A$2:$A$361=IF(Dashboard!$B$6="All",Data!$A$2:$A$361,Dashboard!$B$6))*(Data!$L$2:$L$361=IF(Dashboard!$C$6="All",Data!$L$2:$L$361,Dashboard!$C$6))*(Data!$D$2:$D$361=IF(Dashboard!$D$6="All",Data!$D$2:$D$361,Dashboard!$D$6))*Data!$E$2:$E$361) -> 659865 | S4: =SUMPRODUCT((Data!$C$2:$C$361=P4)*(Data!$A$2:$A$361=IF(Dashboard!$B$6="All",Data!$A$2:$A$361,Dashboard!$B$6))*(Data!$L$2:$L$361=IF(Dashboard!$C$6="All",Data!$L$2:$L$361,Dashboard!$C$6))*(Data!$D$2:$D$361=IF(Dashboard!$D$6="All",Data!$D$2:$D$361,Dashboard!$D$6))*Data!$F$2:$F$361) -> 5.1434966e+08 | T4: =IFERROR(S4/R4,0) -> 779.4771
A5: 2022 | B5: =SUMPRODUCT((Data!$A$2:$A$361=A5)*(Data!$L$2:$L$361=IF(Dashboard!$C$6="All",Data!$L$2:$L$361,Dashboard!$C$6))*(Data!$D$2:$D$361=IF(Dashboard!$D$6="All",Data!$D$2:$D$361,Dashboard!$D$6))*(Data!$C$2:$C$361=IF(Dashboard!$E$6="All",Data!$C$2:$C$361,Dashboard!$E$6))*Data!$F$2:$F$361) -> 46407492 | D5: Middle East & Africa | E5: =SUMPRODUCT((Data!$L$2:$L$361=D5)*(Data!$A$2:$A$361=IF(Dashboard!$B$6="All",Data!$A$2:$A$361,Dashboard!$B$6))*(Data!$D$2:$D$361=IF(Dashboard!$D$6="All",Data!$D$2:$D$361,Dashboard!$D$6))*(Data!$C$2:$C$361=IF(Dashboard!$E$6="All",Data!$C$2:$C$361,Dashboard!$E$6))*Data!$E$2:$E$361) -> 82530 | G5: Galaxy Note20 | H5: =SUMPRODUCT((Data!$C$2:$C$361=G5)*(Data!$A$2:$A$361=IF(Dashboard!$B$6="All",Data!$A$2:$A$361,Dashboard!$B$6))*(Data!$L$2:$L$361=IF(Dashboard!$C$6="All",Data!$L$2:$L$361,Dashboard!$C$6))*(Data!$D$2:$D$361=IF(Dashboard!$D$6="All",Data!$D$2:$D$361,Dashboard!$D$6))*Data!$F$2:$F$361) -> 6.1798626e+08 | M5: Avg Market Share | N5: =IFERROR(SUMPRODUCT((Data!$A$2:$A$361=IF(Dashboard!$B$6="All",Data!$A$2:$A$361,Dashboard!$B$6))*(Data!$L$2:$L$361=IF(Dashboard!$C$6="All",Data!$L$2:$L$361,Dashboard!$C$6))*(Data!$D$2:$D$361=IF(Dashboard!$D$6="All",Data!$D$2:$D$361,Dashboard!$D$6))*(Data!$C$2:$C$361=IF(Dashboard!$E$6="All",Data!$C$2:$C$361,Dashboard!$E$6))*Data!$G$2:$G$361)/SUMPRODUCT((Data!$A$2:$A$361=IF(Dashboard!$B$6="All",Data!$A$2:$A$361,Dashboard!$B$6))*(Data!$L$2:$L$361=IF(Dashboard!$C$6="All",Data!$L$2:$L$361,Dashboard!$C$6))*(Data!$D$2:$D$361=IF(Dashboard!$D$6="All",Data!$D$2:$D$361,Dashboard!$D$6))*(Data!$C$2:$C$361=IF(Dashboard!$E$6="All",Data!$C$2:$C$361,Dashboard!$E$6))*1),0) -> 1.4616667 | P5: Galaxy Note20 | Q5: =INDEX(Data!$D$2:$D$361,MATCH(P5,Data!$C$2:$C$361,0)) -> No | R5: =SUMPRODUCT((Data!$C$2:$C$361=P5)*(Data!$A$2:$A$361=IF(Dashboard!$B$6="All",Data!$A$2:$A$361,Dashboard!$B$6))*(Data!$L$2:$L$361=IF(Dashboard!$C$6="All",Data!$L$2:$L$361,Dashboard!$C$6))*(Data!$D$2:$D$361=IF(Dashboard!$D$6="All",Data!$D$2:$D$361,Dashboard!$D$6))*Data!$E$2:$E$361) -> 590448 | S5: =SUMPRODUCT((Data!$C$2:$C$361=P5)*(Data!$A$2:$A$361=IF(Dashboard!$B$6="All",Data!$A$2:$A$361,Dashboard!$B$6))*(Data!$L$2:$L$361=IF(Dashboard!$C$6="All",Data!$L$2:$L$361,Dashboard!$C$6))*(Data!$D$2:$D$361=IF(Dashboard!$D$6="All",Data!$D$2:$D$361,Dashboard!$D$6))*Data!$F$2:$F$361) -> 6.1798626e+08 | T5: =IFERROR(S5/R5,0) -> 1046.6396
A6: 2023 | B6: =SUMPRODUCT((Data!$A$2:$A$361=A6)*(Data!$L$2:$L$361=IF(Dashboard!$C$6="All",Data!$L$2:$L$361,Dashboard!$C$6))*(Data!$D$2:$D$361=IF(Dashboard!$D$6="All",Data!$D$2:$D$361,Dashboard!$D$6))*(Data!$C$2:$C$361=IF(Dashboard!$E$6="All",Data!$C$2:$C$361,Dashboard!$E$6))*Data!$F$2:$F$361) -> 66505736 | D6: North America | E6: =SUMPRODUCT((Data!$L$2:$L$361=D6)*(Data!$A$2:$A$361=IF(Dashboard!$B$6="All",Data!$A$2:$A$361,Dashboard!$B$6))*(Data!$D$2:$D$361=IF(Dashboard!$D$6="All",Data!$D$2:$D$361,Dashboard!$D$6))*(Data!$C$2:$C$361=IF(Dashboard!$E$6="All",Data!$C$2:$C$361,Dashboard!$E$6))*Data!$E$2:$E$361) -> 270543 | G6: Galaxy S21 | H6: =SUMPRODUCT((Data!$C$2:$C$361=G6)*(Data!$A$2:$A$361=IF(Dashboard!$B$6="All",Data!$A$2:$A$361,Dashboard!$B$6))*(Data!$L$2:$L$361=IF(Dashboard!$C$6="All",Data!$L$2:$L$361,Dashboard!$C$6))*(Data!$D$2:$D$361=IF(Dashboard!$D$6="All",Data!$D$2:$D$361,Dashboard!$D$6))*Data!$F$2:$F$361) -> 6.0623754e+08 | M6: Row Count | N6: =SUMPRODUCT((Data!$A$2:$A$361=IF(Dashboard!$B$6="All",Data!$A$2:$A$361,Dashboard!$B$6))*(Data!$L$2:$L$361=IF(Dashboard!$C$6="All",Data!$L$2:$L$361,Dashboard!$C$6))*(Data!$D$2:$D$361=IF(Dashboard!$D$6="All",Data!$D$2:$D$361,Dashboard!$D$6))*(Data!$C$2:$C$361=IF(Dashboard!$E$6="All",Data!$C$2:$C$361,Dashboard!$E$6))*1) -> 24 | P6: Galaxy S21 | Q6: =INDEX(Data!$D$2:$D$361,MATCH(P6,Data!$C$2:$C$361,0)) -> No | R6: =SUMPRODUCT((Data!$C$2:$C$361=P6)*(Data!$A$2:$A$361=IF(Dashboard!$B$6="All",Data!$A$2:$A$361,Dashboard!$B$6))*(Data!$L$2:$L$361=IF(Dashboard!$C$6="All",Data!$L$2:$L$361,Dashboard!$C$6))*(Data!$D$2:$D$361=IF(Dashboard!$D$6="All",Data!$D$2:$D$361,Dashboard!$D$6))*Data!$E$2:$E$361) -> 634849 | S6: =SUMPRODUCT((Data!$C$2:$C$361=P6)*(Data!$A$2:$A$361=IF(Dashboard!$B$6="All",Data!$A$2:$A$361,Dashboard!$B$6))*(Data!$L$2:$L$361=IF(Dashboard!$C$6="All",Data!$L$2:$L$361,Dashboard!$C$6))*(Data!$D$2:$D$361=IF(Dashboard!$D$6="All",Data!$D$2:$D$361,Dashboard!$D$6))*Data!$F$2:$F$361) -> 6.0623754e+08 | T6: =IFERROR(S6/R6,0) -> 954.93186
A7: 2024 | B7: =SUMPRODUCT((Data!$A$2:$A$361=A7)*(Data!$L$2:$L$361=IF(Dashboard!$C$6="All",Data!$L$2:$L$361,Dashboard!$C$6))*(Data!$D$2:$D$361=IF(Dashboard!$D$6="All",Data!$D$2:$D$361,Dashboard!$D$6))*(Data!$C$2:$C$361=IF(Dashboard!$E$6="All",Data!$C$2:$C$361,Dashboard!$E$6))*Data!$F$2:$F$361) -> 1.2860368e+08 | G7: Galaxy A32 5G | H7: =SUMPRODUCT((Data!$C$2:$C$361=G7)*(Data!$A$2:$A$361=IF(Dashboard!$B$6="All",Data!$A$2:$A$361,Dashboard!$B$6))*(Data!$L$2:$L$361=IF(Dashboard!$C$6="All",Data!$L$2:$L$361,Dashboard!$C$6))*(Data!$D$2:$D$361=IF(Dashboard!$D$6="All",Data!$D$2:$D$361,Dashboard!$D$6))*Data!$F$2:$F$361) -> 7.1614359e+08 | P7: Galaxy A32 5G | Q7: =INDEX(Data!$D$2:$D$361,MATCH(P7,Data!$C$2:$C$361,0)) -> Yes | R7: =SUMPRODUCT((Data!$C$2:$C$361=P7)*(Data!$A$2:$A$361=IF(Dashboard!$B$6="All",Data!$A$2:$A$361,Dashboard!$B$6))*(Data!$L$2:$L$361=IF(Dashboard!$C$6="All",Data!$L$2:$L$361,Dashboard!$C$6))*(Data!$D$2:$D$361=IF(Dashboard!$D$6="All",Data!$D$2:$D$361,Dashboard!$D$6))*Data!$E$2:$E$361) -> 857409 | S7: =SUMPRODUCT((Data!$C$2:$C$361=P7)*(Data!$A$2:$A$361=IF(Dashboard!$B$6="All",Data!$A$2:$A$361,Dashboard!$B$6))*(Data!$L$2:$L$361=IF(Dashboard!$C$6="All",Data!$L$2:$L$361,Dashboard!$C$6))*(Data!$D$2:$D$361=IF(Dashboard!$D$6="All",Data!$D$2:$D$361,Dashboard!$D$6))*Data!$F$2:$F$361) -> 7.1614359e+08 | T7: =IFERROR(S7/R7,0) -> 835.24151
G8: Galaxy A52 5G | H8: =SUMPRODUCT((Data!$C$2:$C$361=G8)*(Data!$A$2:$A$361=IF(Dashboard!$B$6="All",Data!$A$2:$A$361,Dashboard!$B$6))*(Data!$L$2:$L$361=IF(Dashboard!$C$6="All",Data!$L$2:$L$361,Dashboard!$C$6))*(Data!$D$2:$D$361=IF(Dashboard!$D$6="All",Data!$D$2:$D$361,Dashboard!$D$6))*Data!$F$2:$F$361) -> 8.6307328e+08 | P8: Galaxy A52 5G | Q8: =INDEX(Data!$D$2:$D$361,MATCH(P8,Data!$C$2:$C$361,0)) -> Yes | R8: =SUMPRODUCT((Data!$C$2:$C$361=P8)*(Data!$A$2:$A$361=IF(Dashboard!$B$6="All",Data!$A$2:$A$361,Dashboard!$B$6))*(Data!$L$2:$L$361=IF(Dashboard!$C$6="All",Data!$L$2:$L$361,Dashboard!$C$6))*(Data!$D$2:$D$361=IF(Dashboard!$D$6="All",Data!$D$2:$D$361,Dashboard!$D$6))*Data!$E$2:$E$361) -> 891357 | S8: =SUMPRODUCT((Data!$C$2:$C$361=P8)*(Data!$A$2:$A$361=IF(Dashboard!$B$6="All",Data!$A$2:$A$361,Dashboard!$B$6))*(Data!$L$2:$L$361=IF(Dashboard!$C$6="All",Data!$L$2:$L$361,Dashboard!$C$6))*(Data!$D$2:$D$361=IF(Dashboard!$D$6="All",Data!$D$2:$D$361,Dashboard!$D$6))*Data!$F$2:$F$361) -> 8.6307328e+08 | T8: =IFERROR(S8/R8,0) -> 968.26892
G9: Galaxy A73 5G | H9: =SUMPRODUCT((Data!$C$2:$C$361=G9)*(Data!$A$2:$A$361=IF(Dashboard!$B$6="All",Data!$A$2:$A$361,Dashboard!$B$6))*(Data!$L$2:$L$361=IF(Dashboard!$C$6="All",Data!$L$2:$L$361,Dashboard!$C$6))*(Data!$D$2:$D$361=IF(Dashboard!$D$6="All",Data!$D$2:$D$361,Dashboard!$D$6))*Data!$F$2:$F$361) -> 7.7310035e+08 | P9: Galaxy A73 5G | Q9: =INDEX(Data!$D$2:$D$361,MATCH(P9,Data!$C$2:$C$361,0)) -> Yes | R9: =SUMPRODUCT((Data!$C$2:$C$361=P9)*(Data!$A$2:$A$361=IF(Dashboard!$B$6="All",Data!$A$2:$A$361,Dashboard!$B$6))*(Data!$L$2:$L$361=IF(Dashboard!$C$6="All",Data!$L$2:$L$361,Dashboard!$C$6))*(Data!$D$2:$D$361=IF(Dashboard!$D$6="All",Data!$D$2:$D$361,Dashboard!$D$6))*Data!$E$2:$E$361) -> 909507 | S9: =SUMPRODUCT((Data!$C$2:$C$361=P9)*(Data!$A$2:$A$361=IF(Dashboard!$B$6="All",Data!$A$2:$A$361,Dashboard!$B$6))*(Data!$L$2:$L$361=IF(Dashboard!$C$6="All",Data!$L$2:$L$361,Dashboard!$C$6))*(Data!$D$2:$D$361=IF(Dashboard!$D$6="All",Data!$D$2:$D$361,Dashboard!$D$6))*Data!$F$2:$F$361) -> 7.7310035e+08 | T9: =IFERROR(S9/R9,0) -> 850.02133
G10: Galaxy Z Fold2 5G | H10: =SUMPRODUCT((Data!$C$2:$C$361=G10)*(Data!$A$2:$A$361=IF(Dashboard!$B$6="All",Data!$A$2:$A$361,Dashboard!$B$6))*(Data!$L$2:$L$361=IF(Dashboard!$C$6="All",Data!$L$2:$L$361,Dashboard!$C$6))*(Data!$D$2:$D$361=IF(Dashboard!$D$6="All",Data!$D$2:$D$361,Dashboard!$D$6))*Data!$F$2:$F$361) -> 8.249207e+08 | P10: Galaxy Z Fold2 5G | Q10: =INDEX(Data!$D$2:$D$361,MATCH(P10,Data!$C$2:$C$361,0)) -> Yes | R10: =SUMPRODUCT((Data!$C$2:$C$361=P10)*(Data!$A$2:$A$361=IF(Dashboard!$B$6="All",Data!$A$2:$A$361,Dashboard!$B$6))*(Data!$L$2:$L$361=IF(Dashboard!$C$6="All",Data!$L$2:$L$361,Dashboard!$C$6))*(Data!$D$2:$D$361=IF(Dashboard!$D$6="All",Data!$D$2:$D$361,Dashboard!$D$6))*Data!$E$2:$E$361) -> 912096 | S10: =SUMPRODUCT((Data!$C$2:$C$361=P10)*(Data!$A$2:$A$361=IF(Dashboard!$B$6="All",Data!$A$2:$A$361,Dashboard!$B$6))*(Data!$L$2:$L$361=IF(Dashboard!$C$6="All",Data!$L$2:$L$361,Dashboard!$C$6))*(Data!$D$2:$D$361=IF(Dashboard!$D$6="All",Data!$D$2:$D$361,Dashboard!$D$6))*Data!$F$2:$F$361) -> 8.249207e+08 | T10: =IFERROR(S10/R10,0) -> 904.42311
G11: Galaxy Z Flip3 5G | H11: =SUMPRODUCT((Data!$C$2:$C$361=G11)*(Data!$A$2:$A$361=IF(Dashboard!$B$6="All",Data!$A$2:$A$361,Dashboard!$B$6))*(Data!$L$2:$L$361=IF(Dashboard!$C$6="All",Data!$L$2:$L$361,Dashboard!$C$6))*(Data!$D$2:$D$361=IF(Dashboard!$D$6="All",Data!$D$2:$D$361,Dashboard!$D$6))*Data!$F$2:$F$361) -> 7.6515901e+08 | P11: Galaxy Z Flip3 5G | Q11: =INDEX(Data!$D$2:$D$361,MATCH(P11,Data!$C$2:$C$361,0)) -> Yes | R11: =SUMPRODUCT((Data!$C$2:$C$361=P11)*(Data!$A$2:$A$361=IF(Dashboard!$B$6="All",Data!$A$2:$A$361,Dashboard!$B$6))*(Data!$L$2:$L$361=IF(Dashboard!$C$6="All",Data!$L$2:$L$361,Dashboard!$C$6))*(Data!$D$2:$D$361=IF(Dashboard!$D$6="All",Data!$D$2:$D$361,Dashboard!$D$6))*Data!$E$2:$E$361) -> 901892 | S11: =SUMPRODUCT((Data!$C$2:$C$361=P11)*(Data!$A$2:$A$361=IF(Dashboard!$B$6="All",Data!$A$2:$A$361,Dashboard!$B$6))*(Data!$L$2:$L$361=IF(Dashboard!$C$6="All",Data!$L$2:$L$361,Dashboard!$C$6))*(Data!$D$2:$D$361=IF(Dashboard!$D$6="All",Data!$D$2:$D$361,Dashboard!$D$6))*Data!$F$2:$F$361) -> 7.6515901e+08 | T11: =IFERROR(S11/R11,0) -> 848.39316
G12: Galaxy S22 5G | H12: =SUMPRODUCT((Data!$C$2:$C$361=G12)*(Data!$A$2:$A$361=IF(Dashboard!$B$6="All",Data!$A$2:$A$361,Dashboard!$B$6))*(Data!$L$2:$L$361=IF(Dashboard!$C$6="All",Data!$L$2:$L$361,Dashboard!$C$6))*(Data!$D$2:$D$361=IF(Dashboard!$D$6="All",Data!$D$2:$D$361,Dashboard!$D$6))*Data!$F$2:$F$361) -> 8.7063431e+08 | P12: Galaxy S22 5G | Q12: =INDEX(Data!$D$2:$D$361,MATCH(P12,Data!$C$2:$C$361,0)) -> Yes | R12: =SUMPRODUCT((Data!$C$2:$C$361=P12)*(Data!$A$2:$A$361=IF(Dashboard!$B$6="All",Data!$A$2:$A$361,Dashboard!$B$6))*(Data!$L$2:$L$361=IF(Dashboard!$C$6="All",Data!$L$2:$L$361,Dashboard!$C$6))*(Data!$D$2:$D$361=IF(Dashboard!$D$6="All",Data!$D$2:$D$361,Dashboard!$D$6))*Data!$E$2:$E$361) -> 703608 | S12: =SUMPRODUCT((Data!$C$2:$C$361=P12)*(Data!$A$2:$A$361=IF(Dashboard!$B$6="All",Data!$A$2:$A$361,Dashboard!$B$6))*(Data!$L$2:$L$361=IF(Dashboard!$C$6="All",Data!$L$2:$L$361,Dashboard!$C$6))*(Data!$D$2:$D$361=IF(Dashboard!$D$6="All",Data!$D$2:$D$361,Dashboard!$D$6))*Data!$F$2:$F$361) -> 8.7063431e+08 | T12: =IFERROR(S12/R12,0) -> 1237.3855
G13: Galaxy Z Fold3 5G | H13: =SUMPRODUCT((Data!$C$2:$C$361=G13)*(Data!$A$2:$A$361=IF(Dashboard!$B$6="All",Data!$A$2:$A$361,Dashboard!$B$6))*(Data!$L$2:$L$361=IF(Dashboard!$C$6="All",Data!$L$2:$L$361,Dashboard!$C$6))*(Data!$D$2:$D$361=IF(Dashboard!$D$6="All",Data!$D$2:$D$361,Dashboard!$D$6))*Data!$F$2:$F$361) -> 6.8101094e+08 | P13: Galaxy Z Fold3 5G | Q13: =INDEX(Data!$D$2:$D$361,MATCH(P13,Data!$C$2:$C$361,0)) -> Yes | R13: =SUMPRODUCT((Data!$C$2:$C$361=P13)*(Data!$A$2:$A$361=IF(Dashboard!$B$6="All",Data!$A$2:$A$361,Dashboard!$B$6))*(Data!$L$2:$L$361=IF(Dashboard!$C$6="All",Data!$L$2:$L$361,Dashboard!$C$6))*(Data!$D$2:$D$361=IF(Dashboard!$D$6="All",Data!$D$2:$D$361,Dashboard!$D$6))*Data!$E$2:$E$361) -> 835964 | S13: =SUMPRODUCT((Data!$C$2:$C$361=P13)*(Data!$A$2:$A$361=IF(Dashboard!$B$6="All",Data!$A$2:$A$361,Dashboard!$B$6))*(Data!$L$2:$L$361=IF(Dashboard!$C$6="All",Data!$L$2:$L$361,Dashboard!$C$6))*(Data!$D$2:$D$361=IF(Dashboard!$D$6="All",Data!$D$2:$D$361,Dashboard!$D$6))*Data!$F$2:$F$361) -> 6.8101094e+08 | T13: =IFERROR(S13/R13,0) -> 814.64147
G14: Galaxy A14 5G | H14: =SUMPRODUCT((Data!$C$2:$C$361=G14)*(Data!$A$2:$A$361=IF(Dashboard!$B$6="All",Data!$A$2:$A$361,Dashboard!$B$6))*(Data!$L$2:$L$361=IF(Dashboard!$C$6="All",Data!$L$2:$L$361,Dashboard!$C$6))*(Data!$D$2:$D$361=IF(Dashboard!$D$6="All",Data!$D$2:$D$361,Dashboard!$D$6))*Data!$F$2:$F$361) -> 9.131224e+08 | P14: Galaxy A14 5G | Q14: =INDEX(Data!$D$2:$D$361,MATCH(P14,Data!$C$2:$C$361,0)) -> Yes | R14: =SUMPRODUCT((Data!$C$2:$C$361=P14)*(Data!$A$2:$A$361=IF(Dashboard!$B$6="All",Data!$A$2:$A$361,Dashboard!$B$6))*(Data!$L$2:$L$361=IF(Dashboard!$C$6="All",Data!$L$2:$L$361,Dashboard!$C$6))*(Data!$D$2:$D$361=IF(Dashboard!$D$6="All",Data!$D$2:$D$361,Dashboard!$D$6))*Data!$E$2:$E$361) -> 879660 | S14: =SUMPRODUCT((Data!$C$2:$C$361=P14)*(Data!$A$2:$A$361=IF(Dashboard!$B$6="All",Data!$A$2:$A$361,Dashboard!$B$6))*(Data!$L$2:$L$361=IF(Dashboard!$C$6="All",Data!$L$2:$L$361,Dashboard!$C$6))*(Data!$D$2:$D$361=IF(Dashboard!$D$6="All",Data!$D$2:$D$361,Dashboard!$D$6))*Data!$F$2:$F$361) -> 9.131224e+08 | T14: =IFERROR(S14/R14,0) -> 1038.0402
G15: Galaxy S23 5G | H15: =SUMPRODUCT((Data!$C$2:$C$361=G15)*(Data!$A$2:$A$361=IF(Dashboard!$B$6="All",Data!$A$2:$A$361,Dashboard!$B$6))*(Data!$L$2:$L$361=IF(Dashboard!$C$6="All",Data!$L$2:$L$361,Dashboard!$C$6))*(Data!$D$2:$D$361=IF(Dashboard!$D$6="All",Data!$D$2:$D$361,Dashboard!$D$6))*Data!$F$2:$F$361) -> 8.9482186e+08 | P15: Galaxy S23 5G | Q15: =INDEX(Data!$D$2:$D$361,MATCH(P15,Data!$C$2:$C$361,0)) -> Yes | R15: =SUMPRODUCT((Data!$C$2:$C$361=P15)*(Data!$A$2:$A$361=IF(Dashboard!$B$6="All",Data!$A$2:$A$361,Dashboard!$B$6))*(Data!$L$2:$L$361=IF(Dashboard!$C$6="All",Data!$L$2:$L$361,Dashboard!$C$6))*(Data!$D$2:$D$361=IF(Dashboard!$D$6="All",Data!$D$2:$D$361,Dashboard!$D$6))*Data!$E$2:$E$361) -> 835739 | S15: =SUMPRODUCT((Data!$C$2:$C$361=P15)*(Data!$A$2:$A$361=IF(Dashboard!$B$6="All",Data!$A$2:$A$361,Dashboard!$B$6))*(Data!$L$2:$L$361=IF(Dashboard!$C$6="All",Data!$L$2:$L$361,Dashboard!$C$6))*(Data!$D$2:$D$361=IF(Dashboard!$D$6="All",Data!$D$2:$D$361,Dashboard!$D$6))*Data!$F$2:$F$361) -> 8.9482186e+08 | T15: =IFERROR(S15/R15,0) -> 1070.6953
G16: Galaxy Z Flip5 5G | H16: =SUMPRODUCT((Data!$C$2:$C$361=G16)*(Data!$A$2:$A$361=IF(Dashboard!$B$6="All",Data!$A$2:$A$361,Dashboard!$B$6))*(Data!$L$2:$L$361=IF(Dashboard!$C$6="All",Data!$L$2:$L$361,Dashboard!$C$6))*(Data!$D$2:$D$361=IF(Dashboard!$D$6="All",Data!$D$2:$D$361,Dashboard!$D$6))*Data!$F$2:$F$361) -> 6.2956782e+08 | P16: Galaxy Z Flip5 5G | Q16: =INDEX(Data!$D$2:$D$361,MATCH(P16,Data!$C$2:$C$361,0)) -> Yes | R16: =SUMPRODUCT((Data!$C$2:$C$361=P16)*(Data!$A$2:$A$361=IF(Dashboard!$B$6="All",Data!$A$2:$A$361,Dashboard!$B$6))*(Data!$L$2:$L$361=IF(Dashboard!$C$6="All",Data!$L$2:$L$361,Dashboard!$C$6))*(Data!$D$2:$D$361=IF(Dashboard!$D$6="All",Data!$D$2:$D$361,Dashboard!$D$6))*Data!$E$2:$E$361) -> 832848 | S16: =SUMPRODUCT((Data!$C$2:$C$361=P16)*(Data!$A$2:$A$361=IF(Dashboard!$B$6="All",Data!$A$2:$A$361,Dashboard!$B$6))*(Data!$L$2:$L$361=IF(Dashboard!$C$6="All",Data!$L$2:$L$361,Dashboard!$C$6))*(Data!$D$2:$D$361=IF(Dashboard!$D$6="All",Data!$D$2:$D$361,Dashboard!$D$6))*Data!$F$2:$F$361) -> 6.2956782e+08 | T16: =IFERROR(S16/R16,0) -> 755.92163

Sheet Lists
A1: Year | B1: Region | C1: 5G | D1: Model
A2: All | B2: All | C2: All | D2: All
A3: 2019 | B3: Asia-Pacific | C3: Yes | D3: Galaxy S10
A4: 2020 | B4: Europe | C4: No | D4: Galaxy Note10
A5: 2021 | B5: Latin America | D5: Galaxy S20
A6: 2022 | B6: Middle East & Africa | D6: Galaxy Note20
A7: 2023 | B7: North America | D7: Galaxy S21
A8: 2024 | D8: Galaxy A32 5G
D9: Galaxy A52 5G
D10: Galaxy A73 5G
D11: Galaxy Z Fold2 5G
D12: Galaxy Z Flip3 5G
D13: Galaxy S22 5G
D14: Galaxy Z Fold3 5G
D15: Galaxy A14 5G
D16: Galaxy S23 5G
D17: Galaxy Z Flip5 5G
